<?xml version="1.0" encoding="UTF-8"?>
<treebank>
  <!-- tokens means "surface tokens", e.g. Spanish "vámonos" counts as one token
       words means "syntactic words", e.g. Spanish "vámonos" is split to two words, "vamos" and "nos"
       fused is the number of tokens that are split to two or more syntactic words
       The words and fused elements can be omitted if no token is split to smaller syntactic words. -->
  <size>
    <total><sentences>16622</sentences><tokens>251489</tokens><words>254818</words><fused>3327</fused></total>
    <train><sentences>12544</sentences><tokens>201962</tokens><words>204577</words><fused>2614</fused></train>
    <dev><sentences>2001</sentences><tokens>24787</tokens><words>25147</words><fused>359</fused></dev>
    <test><sentences>2077</sentences><tokens>24740</tokens><words>25094</words><fused>354</fused></test>
  </size>
  <lemmas unique="15439" /><!-- the, ., be, ,, to, and, a, i, of, in, have, you, that, for, it -->
  <forms unique="19434" /><!-- the, ., ,, to, and, a, of, i, in, is, you, that, it, for, - -->
  <fusions unique="606" /><!-- don't, i'm, it's, i've, didn't, can't, its, i'll, you'll, you're, cannot, doesn't, he's, that's, dont -->
  <!-- Statistics of universal POS tags. The comments show the most frequent lemmas. -->
  <tags unique="17">
    <tag name="ADJ">16789</tag><!-- good, great, new, other, many, more, last, same, few, little -->
    <tag name="ADP">21777</tag><!-- of, in, to, for, on, with, at, from, by, as -->
    <tag name="ADV">12595</tag><!-- so, just, when, very, also, how, now, even, then, there -->
    <tag name="AUX">15925</tag><!-- be, have, will, do, can, would, could, should, may, might -->
    <tag name="CCONJ">8202</tag><!-- and, but, or, &, both, either, nor, plus, yet, neither -->
    <tag name="DET">20096</tag><!-- the, a, this, all, some, any, no, that, another, every -->
    <tag name="INTJ">931</tag><!-- please, yes, well, no, hi, like, ok, lol, hey, oh -->
    <tag name="NOUN">43084</tag><!-- time, year, service, place, day, people, thanks, food, way, number -->
    <tag name="NUM">5051</tag><!-- one, two, 2, 1, 3, 5, 4, 10, million, three -->
    <tag name="PART">7044</tag><!-- to, not, 's -->
    <tag name="PRON">23066</tag><!-- I, you, it, they, we, he, my, that, your, this -->
    <tag name="PROPN">16562</tag><!-- Bush, US, al, Iraq, enron, State, Iran, China, September, Qaeda -->
    <tag name="PUNCT">29767</tag><!-- ., ,, ", -, ?, ), (, :, !, ... -->
    <tag name="SCONJ">4600</tag><!-- that, if, as, because, for, of, since, before, while, like -->
    <tag name="SYM">940</tag><!-- $, /, -, :), #, %, at, +, :(, :-) -->
    <tag name="VERB">27888</tag><!-- have, go, get, do, know, say, make, take, be, want -->
    <tag name="X">501</tag><!-- _, .doc, s, (, ), alberta, -, Analysis_0712, MEH-risk, Oct -->
  </tags>
  <!-- Statistics of features and values. The comments show the most frequent word forms. -->
  <feats unique="63">
    <feat name="Abbr" value="Yes" upos="ADJ,ADP,ADV,AUX,CCONJ,DET,INTJ,NOUN,NUM,PART,PRON,PROPN,SCONJ,SYM,VERB">534</feat><!-- etc, m, @, k, etc., Sept., b, na, u, asap -->
    <feat name="Case" value="Acc" upos="PRON">3461</feat><!-- it, me, you, them, him, us, her, yourself, myself, itself -->
    <feat name="Case" value="Gen" upos="PRON">3689</feat><!-- my, your, their, his, our, its, her, you, it's, there -->
    <feat name="Case" value="Nom" upos="PRON">11604</feat><!-- i, you, it, they, we, he, she, u, the, There -->
    <feat name="Definite" value="Def" upos="DET">11027</feat><!-- the, teh, da, he, te, then, ther, thes, to, tttthhhhh -->
    <feat name="Definite" value="Ind" upos="DET">5353</feat><!-- a, an, and, aa -->
    <feat name="Degree" value="Cmp" upos="ADJ,ADV">992</feat><!-- more, better, later, less, earlier, longer, larger, bigger, higher, smaller -->
    <feat name="Degree" value="Pos" upos="ADJ,ADV">16039</feat><!-- good, great, new, other, many, well, last, same, little, few -->
    <feat name="Degree" value="Sup" upos="ADJ,ADV">755</feat><!-- best, most, least, worst, cheapest, largest, latest, highest, easiest, oldest -->
    <feat name="ExtPos" value="ADP" upos="ADJ,ADP,ADV,SCONJ,SYM,VERB">401</feat><!-- -, due, because, according, as, @, such, instead, /, prior -->
    <feat name="ExtPos" value="ADV" upos="ADJ,ADP,ADV,DET,NOUN,PRON">198</feat><!-- as, of, more, at, less, kind, up, in, sort, all -->
    <feat name="ExtPos" value="CCONJ" upos="ADV,PART,VERB">54</feat><!-- as, rather, not, let -->
    <feat name="ExtPos" value="PRON" upos="DET,PRON">19</feat><!-- each, one -->
    <feat name="ExtPos" value="PROPN" upos="NOUN,NUM,PROPN,SYM,VERB,X">100</feat><!-- 713, Alberta, MEH-risk, +1, ENRON, +44, 03, 202, 212, 281 -->
    <feat name="ExtPos" value="SCONJ" upos="ADJ,ADP,ADV,SCONJ">97</feat><!-- so, in, whether, instead, as, due, such, prior, rather -->
    <feat name="Foreign" value="Yes" upos="INTJ,NOUN,X">61</feat><!-- empanadas, de, la, Baba, Kevalam, Nam, a, arabes, del, guerre -->
    <feat name="Gender" value="Fem" upos="PRON">580</feat><!-- she, her, herself, hers -->
    <feat name="Gender" value="Masc" upos="PRON">1741</feat><!-- he, his, him, himself -->
    <feat name="Gender" value="Neut" upos="PRON">2516</feat><!-- it, its, itself, it's, THERE, is, ti -->
    <feat name="Mood" value="Imp" upos="AUX,VERB">1663</feat><!-- let, do, go, see, take, get, try, be, make, give -->
    <feat name="Mood" value="Ind" upos="AUX,VERB">19069</feat><!-- is, was, are, have, has, do, had, were, 's, did -->
    <feat name="Mood" value="Sub" upos="AUX,VERB">57</feat><!-- be, were, go, come, get, have, take, build, buy, call -->
    <feat name="Number" value="Plur" upos="AUX,DET,NOUN,PRON,PROPN,SYM,VERB">19929</feat><!-- they, are, we, have, their, were, our, them, people, do -->
    <feat name="Number" value="Ptan" upos="NOUN,PROPN">260</feat><!-- regards, troops, supplies, means, politics, clothes, thanks, Philippines, grounds, 1970s -->
    <feat name="Number" value="Sing" upos="AUX,DET,NOUN,PRON,PROPN,SYM,VERB">76511</feat><!-- i, is, it, was, this, my, he, me, has, have -->
    <feat name="NumForm" value="Combi" upos="ADJ,NOUN">158</feat><!-- 17th, 20th, 5th, 7th, 15th, 1970s, 19th, 1st, 21st, 22nd -->
    <feat name="NumForm" value="Digit" upos="NOUN,NUM">3928</feat><!-- 2, 1, 3, 5, 4, 10, 20, 6, 2005, 2003 -->
    <feat name="NumForm" value="Roman" upos="NUM">52</feat><!-- ii, VI, iii, i, v, XIII, iv, VII, VIII -->
    <feat name="NumForm" value="Word" upos="ADJ,ADV,DET,NOUN,NUM">1470</feat><!-- one, two, first, three, second, once, four, m, million, half -->
    <feat name="NumType" value="Card" upos="NOUN,NUM">4932</feat><!-- one, two, 2, 1, 3, 5, 4, 10, three, 20 -->
    <feat name="NumType" value="Frac" upos="ADJ,ADV,DET,NOUN,NUM">192</feat><!-- half, 1.5, 20.000, 3.5, 1.00, 4.6, 6.00, 6.1, 1.1, 10.0 -->
    <feat name="NumType" value="Mult" upos="ADV">77</feat><!-- once, twice -->
    <feat name="NumType" value="Ord" upos="ADJ,ADV,NOUN">407</feat><!-- first, second, third, 17th, 20th, 5th, 7th, 15th, 19th, 1st -->
    <feat name="Person" value="1" upos="AUX,PRON,VERB">12696</feat><!-- i, my, we, me, have, our, am, do, 'm, us -->
    <feat name="Person" value="2" upos="AUX,PRON,VERB">5067</feat><!-- you, your, have, are, do, want, 're, need, get, yourself -->
    <feat name="Person" value="3" upos="AUX,PRON,VERB">20182</feat><!-- is, it, was, they, are, he, has, their, his, 's -->
    <feat name="Polarity" value="Neg" upos="CCONJ,INTJ,PART">2267</feat><!-- not, n't, nt, no, nor, n’t, neither, n -->
    <feat name="Polarity" value="Pos" upos="INTJ">85</feat><!-- yes, Ye$, Υes -->
    <feat name="Poss" value="Yes" upos="PRON">3745</feat><!-- my, your, their, his, our, its, her, mine, you, it's -->
    <feat name="PronType" value="Art" upos="DET">16380</feat><!-- the, a, an, and, teh, aa, da, he, te, then -->
    <feat name="PronType" value="Dem" upos="ADV,DET,PRON">3949</feat><!-- this, there, that, now, then, these, here, those, their, than -->
    <feat name="PronType" value="Emp" upos="PRON">47</feat><!-- itself, themselves, myself, himself, herself, yourself, my, ourselves -->
    <feat name="PronType" value="Ind" upos="ADV,DET,PRON">1723</feat><!-- some, any, another, anyone, ever, something, anything, someone, such, sometimes -->
    <feat name="PronType" value="Int" upos="ADV,DET,PRON">1438</feat><!-- when, what, how, why, where, who, which, whatever, whom, however -->
    <feat name="PronType" value="Neg" upos="ADV,DET,PRON">646</feat><!-- no, never, nothing, one, none, nobody, neither, nowhere, noone, NEEEEEEEEEVERRRR -->
    <feat name="PronType" value="Prs" upos="PRON">18772</feat><!-- i, you, it, they, my, we, he, your, me, their -->
    <feat name="PronType" value="Rcp" upos="DET,PRON">19</feat><!-- each, one -->
    <feat name="PronType" value="Rel" upos="ADV,DET,PRON">1783</feat><!-- that, which, who, what, where, whom, when, whatever, why, whenever -->
    <feat name="PronType" value="Tot" upos="ADV,DET,PRON">1095</feat><!-- all, always, every, everything, each, everyone, both, everybody, everywhere, everbody -->
    <feat name="Reflex" value="Yes" upos="PRON">161</feat><!-- yourself, myself, itself, themselves, himself, ourselves, herself, my, yourselves, your -->
    <feat name="Style" value="Arch" upos="AUX,PRON">9</feat><!-- thy, wilt, ye, Thou, art -->
    <feat name="Style" value="Coll" upos="PRON">4</feat><!-- ya, 'em, em -->
    <feat name="Style" value="Expr" upos="ADJ,ADV,INTJ,NOUN,PRON,PROPN,VERB">49</feat><!-- hmmm, sooooo, Hmmmmmm, Ummmm, sooo, soooo, *ss, AAAAAGGGHHHHHH, Assh@%$e, Brilll -->
    <feat name="Style" value="Slng" upos="ADV,PRON">12</feat><!-- Yo, Def, deffly, prolly -->
    <feat name="Style" value="Vrnc" upos="AUX,DET,NOUN,PRON,SCONJ,VERB">19</feat><!-- ai, of, Ya'll, c'm, cookin', cos, coz, cus, goin, lovin' -->
    <feat name="Tense" value="Past" upos="AUX,VERB">11348</feat><!-- was, had, were, been, did, said, made, got, called, told -->
    <feat name="Tense" value="Pres" upos="AUX,VERB">15505</feat><!-- is, are, have, has, do, 's, am, 'm, going, does -->
    <feat name="Typo" value="Yes" upos="ADJ,ADP,ADV,AUX,CCONJ,DET,INTJ,NOUN,NUM,PART,PRON,PROPN,PUNCT,SCONJ,VERB,X">1280</feat><!-- s, nt, m, you, there, r, it's, ve, to, the -->
    <feat name="VerbForm" value="Fin" upos="AUX,VERB">24839</feat><!-- is, was, are, have, will, do, can, would, has, had -->
    <feat name="VerbForm" value="Ger" upos="VERB">1230</feat><!-- following, going, working, getting, having, making, using, doing, taking, living -->
    <feat name="VerbForm" value="Inf" upos="AUX,VERB">10017</feat><!-- be, have, get, know, do, go, make, see, take, like -->
    <feat name="VerbForm" value="Part" upos="AUX,VERB">7727</feat><!-- been, going, being, had, attached, looking, done, made, doing, used -->
    <feat name="Voice" value="Pass" upos="VERB">3255</feat><!-- attached, made, based, done, used, called, sent, given, told, known -->
  </feats>
  <!-- Statistics of universal dependency relations. -->
  <deps unique="51">
    <dep name="acl">1831</dep>
    <dep name="acl:relcl">2341</dep>
    <dep name="advcl">4533</dep>
    <dep name="advcl:relcl">141</dep>
    <dep name="advmod">13984</dep>
    <dep name="amod">12158</dep>
    <dep name="appos">1691</dep>
    <dep name="aux">8066</dep>
    <dep name="aux:pass">1643</dep>
    <dep name="case">21428</dep>
    <dep name="cc">8292</dep>
    <dep name="cc:preconj">98</dep>
    <dep name="ccomp">2534</dep>
    <dep name="compound">9049</dep>
    <dep name="compound:prt">907</dep>
    <dep name="conj">9394</dep>
    <dep name="cop">5939</dep>
    <dep name="csubj">336</dep>
    <dep name="csubj:outer">3</dep>
    <dep name="csubj:pass">8</dep>
    <dep name="dep">5</dep>
    <dep name="det">19371</dep>
    <dep name="det:predet">226</dep>
    <dep name="discourse">1066</dep>
    <dep name="dislocated">6</dep>
    <dep name="expl">756</dep>
    <dep name="fixed">644</dep>
    <dep name="flat">2499</dep>
    <dep name="goeswith">172</dep>
    <dep name="iobj">795</dep>
    <dep name="list">1061</dep>
    <dep name="mark">8633</dep>
    <dep name="nmod">8447</dep>
    <dep name="nmod:desc">439</dep>
    <dep name="nmod:poss">4466</dep>
    <dep name="nmod:unmarked">1360</dep>
    <dep name="nsubj">19889</dep>
    <dep name="nsubj:outer">254</dep>
    <dep name="nsubj:pass">1445</dep>
    <dep name="nummod">1794</dep>
    <dep name="obj">12258</dep>
    <dep name="obl">10813</dep>
    <dep name="obl:agent">376</dep>
    <dep name="obl:unmarked">1242</dep>
    <dep name="orphan">29</dep>
    <dep name="parataxis">2031</dep>
    <dep name="punct">29682</dep>
    <dep name="reparandum">48</dep>
    <dep name="root">16622</dep>
    <dep name="vocative">183</dep>
    <dep name="xcomp">3830</dep>
  </deps>
</treebank>
